Identifier,Collection Name,Title#1,Creator#1,CreatorLink#1,Creator#2,CreatorLink#2,Subject#1,SubjectLink#1,Subject#2,SubjectLink#2$2,SubjectLink#2$1,Subject#3,SubjectLink#3,Description#1,Contributor#1,ContributorLink#1,Contributor#10,ContributorLink#10,Contributor#11,ContributorLink#11,Contributor#12,ContributorLink#12,Contributor#13,ContributorLink#13,Contributor#14,ContributorLink#14,Contributor#15,ContributorLink#15,Contributor#16,ContributorLink#16,Contributor#17,Contributor#18,ContributorLink#18,Contributor#19,ContributorLink#19,Contributor#2,ContributorLink#2,Contributor#20,ContributorLink#20,Contributor#21,ContributorLink#21,Contributor#22,ContributorLink#22,Contributor#23,ContributorLink#23,Contributor#24,ContributorLink#24,Contributor#25,ContributorLink#25,Contributor#26,ContributorLink#26,Contributor#27,ContributorLink#27,Contributor#28,ContributorLink#28,Contributor#29,ContributorLink#29,Contributor#3,ContributorLink#3,Contributor#30,ContributorLink#30,Contributor#31,Contributor#32,Contributor#33,ContributorLink#33,Contributor#34,ContributorLink#34,Contributor#35,Contributor#36,Contributor#37,ContributorLink#37,Contributor#38,ContributorLink#38,Contributor#39,ContributorLink#39,Contributor#4,ContributorLink#4,Contributor#40,Contributor#41,Contributor#42,Contributor#43,Contributor#44,ContributorLink#44,Contributor#45,Contributor#46,ContributorLink#46,Contributor#5,Contributor#47,Contributor#48,Contributor#49,ContributorLink#5,Contributor#6,Contributor#50,ContributorLink#6,Contributor#7,Contributor#8,ContributorLink#8,Contributor#9,ContributorLink#9,Date#1,Type#1,TypeLink#1,Format#1,FormatLink#1,Language#1,LanguageLink#1,Relation#1,RelationLink#1,RelationLink#2,Coverage#1,CoverageLink#1,Rights#1,ln_RECORDID,ln_RECORD_BATCHID,lnexp_MEDIAFILENAME
COU:2436:01:002:007,Colorado Shakespeare Festival Collection,"Colorado Shakespeare Festival, August 2-16, 1958","Colorado Shakespeare Festival, publisher",http://id.loc.gov/authorities/names/n80014177,,,"Shakespeare, William, 1564-1616 -- Dramatic production",http://id.loc.gov/authorities/subjects/sh85120938,Drama festivals -- Colorado,http://id.loc.gov/authorities/subjects/sh85039336,http://id.loc.gov/authorities/names/n80125532,,,"This theater program features the plays Hamlet, Julius Caesar, and The Taming of the Shrew by William Shakespeare.",,,,,,,,,,,,,,,,,,,,,,,,,,,,,,,,,,,,,,,,,,,,,,,,,,,,,,,,,,,,,,,,,,,,,,,,,,,,,,,,,,,,,,1958,Text,http://purl.org/dc/dcmitype/Text,theater programs,http://vocab.getty.edu/aat/300027217,English,http://id.loc.gov/vocabulary/iso639-2/eng,"Special Collections, Archives & Preservation, University of Colorado Boulder",Catalog record: http://archives.colorado.edu/repositories/2/archival_objects/34889,Collection record: http://libraries.colorado.edu/record=b10161644~S3,"Boulder, Colorado",http://vocab.getty.edu/tgn/7013446,"Copyright and other restrictions may apply. User is responsible for compliance with all applicable laws. For information about copyright law, please see https://www.cusys.edu/DigitalLibrary/copyright.html.",25,4622,narv_shakespeareFest_1958Program.pdf
COU:2436:01:002:008,Colorado Shakespeare Festival Collection,"Colorado Shakespeare Festival, August 1 to 15, 1959 souvenir program","Colorado Shakespeare Festival, publisher",http://id.loc.gov/authorities/names/n80014177,,,"Shakespeare, William, 1564-1616 -- Dramatic production",http://id.loc.gov/authorities/subjects/sh85120938,Drama festivals -- Colorado,http://id.loc.gov/authorities/subjects/sh85039336,http://id.loc.gov/authorities/names/n80125532,,,"This souvenir program features the plays A Midsummer Night's Dream, King Richard the Second, and Macbeth by William Shakespeare.",,,,,,,,,,,,,,,,,,,,,,,,,,,,,,,,,,,,,,,,,,,,,,,,,,,,,,,,,,,,,,,,,,,,,,,,,,,,,,,,,,,,,,1959,Text,http://purl.org/dc/dcmitype/Text,souvenir programs,http://vocab.getty.edu/aat/300253341,English,http://id.loc.gov/vocabulary/iso639-2/eng,"Special Collections, Archives & Preservation, University of Colorado Boulder",Catalog record: http://archives.colorado.edu/repositories/2/archival_objects/50562,Collection record: http://libraries.colorado.edu/record=b10161644~S3,"Boulder, Colorado",http://vocab.getty.edu/tgn/7013446,"Copyright and other restrictions may apply. User is responsible for compliance with all applicable laws. For information about copyright law, please see https://www.cusys.edu/DigitalLibrary/copyright.html.",26,4622,narv_shakespeareFest_1959Program.pdf
COU:2436:01:002:009,Colorado Shakespeare Festival Collection,"Colorado Shakespeare Festival, July 31-August 13, [1960]","Colorado Shakespeare Festival, publisher",http://id.loc.gov/authorities/names/n80014177,,,"Shakespeare, William, 1564-1616 -- Dramatic production",http://id.loc.gov/authorities/subjects/sh85120938,Drama festivals -- Colorado,http://id.loc.gov/authorities/subjects/sh85039336,http://id.loc.gov/authorities/names/n80125532,,,"This brochure features the plays I Henvy IV, Antony and Cleopatra, and Twelfth Night by William Shakespeare.",,,,,,,,,,,,,,,,,,,,,,,,,,,,,,,,,,,,,,,,,,,,,,,,,,,,,,,,,,,,,,,,,,,,,,,,,,,,,,,,,,,,,,1960,Text,http://purl.org/dc/dcmitype/Text,brochures,http://vocab.getty.edu/aat/300248280,English,http://id.loc.gov/vocabulary/iso639-2/eng,"Special Collections, Archives & Preservation, University of Colorado Boulder",Catalog record: http://archives.colorado.edu/repositories/2/archival_objects/50563,Collection record: http://libraries.colorado.edu/record=b10161644~S3,"Boulder, Colorado",http://vocab.getty.edu/tgn/7013446,"Copyright and other restrictions may apply. User is responsible for compliance with all applicable laws. For information about copyright law, please see https://www.cusys.edu/DigitalLibrary/copyright.html.",27,4622,narv_shakespeareFest_1960Program.pdf
COU:2436:01:002:010,Colorado Shakespeare Festival Collection,"The fourth annual Colorado Shakespeare Festival, August 5-19, 1961, souvenir program","Colorado Shakespeare Festival, publisher",http://id.loc.gov/authorities/names/n80014177,,,"Shakespeare, William, 1564-1616 -- Dramatic production",http://id.loc.gov/authorities/subjects/sh85120938,Drama festivals -- Colorado,http://id.loc.gov/authorities/subjects/sh85039336,http://id.loc.gov/authorities/names/n80125532,,,"This souvenir program from the Fourth Annual Colorado Shakespeare Festival features the plays Henry V, King Lear, and Love's Labour's Lost by William Shakespeare. It includes notes on the Festival and each play; photographs and biographical sketches for the staff and cast; numerous photographs and illustrations; and advertisements from local Festival supporters.","Banks, Howard M.",,"Kloss, William",,"Lawlor, John H.",,"O'Dell, K. Lype",,"Lommen, David",,"McGaffey, Paul",,"Mitchell, Roger",,"Moriarty, Michael, 1941-",http://id.loc.gov/authorities/names/no90021751,"Sutton, Victor","Crouch, J. H.",,"Swain, James",,"Berg, Dennis",,"Viola, Doris",,"Weiser, Ricky",,"Wiles, Rick",,"Sandoe, James",,,,,,,,,,,,,,"Blais, Frederick",,,,,,,,,,,,,,,,,,"Jamison, Richard",,,,,,,,,,,"Cohen, Robert S.",,,,,"Davis, Andrew",,,"Faye, Iris","French, Kenneth",,"Jones, Robert",,1961,Text,http://purl.org/dc/dcmitype/Text,souvenir programs,http://vocab.getty.edu/aat/300253341,English,http://id.loc.gov/vocabulary/iso639-2/eng,"Special Collections, Archives & Preservation, University of Colorado Boulder",Catalog record: http://archives.colorado.edu/repositories/2/archival_objects/50564,Collection record: http://libraries.colorado.edu/record=b10161644~S3,"Boulder, Colorado",http://vocab.getty.edu/tgn/7013446,"Copyright and other restrictions may apply. User is responsible for compliance with all applicable laws. For information about copyright law, please see https://www.cusys.edu/DigitalLibrary/copyright.html.",1,4622,narv_shakespeareFest_1961Program.pdf
COU:2436:01:002:011,Colorado Shakespeare Festival Collection,"The fifth annual Colorado Shakespeare Festival, August 4-18, 1962, souvenir program","Colorado Shakespeare Festival, publisher",http://id.loc.gov/authorities/names/n80014177,,,"Shakespeare, William, 1564-1616 -- Dramatic production",http://id.loc.gov/authorities/subjects/sh85120938,Drama festivals -- Colorado,http://id.loc.gov/authorities/subjects/sh85039336,http://id.loc.gov/authorities/names/n80125532,,,"This souvenir program from the Fifth Annual Colorado Shakespeare Festival features the plays Romeo and Juliet, The Comedy of Errors, and Othello by William Shakespeare. It includes notes on the Festival and each play; photographs and biographical sketches for the staff and cast; numerous photographs and illustrations; and advertisements from local Festival supporters.","Crouch, J.H.",,"La Certe, Jack",,"Leinaweaver, Eleanor",,"Nicovich, George",,"Leinaweaver, Richard",,"Macht, Stephen",http://id.loc.gov/authorities/names/n85014223,"Manning, Cordelia",,"Moriarty, Michael, 1941-",http://id.loc.gov/authorities/names/no90021751,"Murray, Alexander","Oliver, Regina",,"Wickstrom, Gordon",,"Nadeau, Albert H.",,"Osburn, Fowler",,"Pecor, Charles",,"Preston, Katherine",,"Sterne, Richard",,"Wallace, Bradford",,,,,,,,,,,,"Sandoe, James",,,,,,,,,,,,,,,,,,"Johnson, Edwin",,,,,,,,,,,"Dobkin, William",,,,,"Freeman, David",,,"Gallegos, Lawrence","Gordon, Lawrence",,"Hooker, Alice",,1962,Text,http://purl.org/dc/dcmitype/Text,souvenir programs,http://vocab.getty.edu/aat/300253341,English,http://id.loc.gov/vocabulary/iso639-2/eng,"Special Collections, Archives & Preservation, University of Colorado Boulder",Catalog record: http://archives.colorado.edu/repositories/2/archival_objects/50565,Collection record: http://libraries.colorado.edu/record=b10161644~S3,"Boulder, Colorado",http://vocab.getty.edu/tgn/7013446,"Copyright and other restrictions may apply. User is responsible for compliance with all applicable laws. For information about copyright law, please see https://www.cusys.edu/DigitalLibrary/copyright.html.",2,4622,narv_shakespeareFest_1962Program.pdf
COU:2436:01:002:012,Colorado Shakespeare Festival Collection,The sixth annual Colorado Shakespeare Festival 1963 souvenir program,"Colorado Shakespeare Festival, publisher",http://id.loc.gov/authorities/names/n80014177,,,"Shakespeare, William, 1564-1616 -- Dramatic production",http://id.loc.gov/authorities/subjects/sh85120938,Drama festivals -- Colorado,http://id.loc.gov/authorities/subjects/sh85039336,http://id.loc.gov/authorities/names/n80125532,,,"This souvenir program from the Sixth Annual Colorado Shakespeare Festival features the plays Measure for Measure, Richard III, and Much Ado About Nothing by William Shakespeare. It includes notes on the Festival and each play; photographs and biographical sketches for the staff and cast; numerous photographs and illustrations; and advertisements from local Festival supporters.","Crouch, J.H.",,"Lines, John",,"Mitchell, Justin",,"Golbert, Marsha",,"Nicovich, George",,"O'Brien, John",,"O'dell, K. Lype",,"Davis, Gary",,"Ohm, Karen","Oliver, Regina",,"Preston, Katherine",,"Kreuzer, Terese",,"Renner, Michael",,"Bachman, Betty",,"Reynolds, Edgar",http://id.loc.gov/authorities/names/n2009039284,"Hicks, Lee Roy",,"Riker, Robin",http://id.loc.gov/authorities/names/nr2006017936,"Rogatkin, Juri",,"Rolling, Hubert",,"Sandoe, Anne",,"De Santis, Frederic",,"Sandoe, John",,"Lamarsh, Marilyn",,"Stafford, Edward",,"Stroud, Walter C.","Sukle, Robert","Waugh, Debby",,"Sandoe, James",,"Bell, Mary","Weiser, Ricky","Bridges, Robert",,"Carney, Kim",,"Carr, Susan",,"Daily, Richard",,"Dixon, Max","Chomont, Kenneth","Dobkin, William","Edmands, Allan","Foster, Patricia",,"Houck, William","Gallegos, Lawrence",,"Lawlor, John","Huntsman, Berverly","Huntsman, Jeffrey F.","Johnson, Glenn",,"Lee, Sylvia","Kohlmann, Midge",,"Leinaweaver, Eleanor Harper","Banks, Howard M.",,"Lines, Jerri",,1963,Text,http://purl.org/dc/dcmitype/Text,souvenir programs,http://vocab.getty.edu/aat/300253341,English,http://id.loc.gov/vocabulary/iso639-2/eng,"Special Collections, Archives & Preservation, University of Colorado Boulder",Catalog record: http://archives.colorado.edu/repositories/2/archival_objects/50566,Collection record: http://libraries.colorado.edu/record=b10161644~S3,"Boulder, Colorado",http://vocab.getty.edu/tgn/7013446,"Copyright and other restrictions may apply. User is responsible for compliance with all applicable laws. For information about copyright law, please see https://www.cusys.edu/DigitalLibrary/copyright.html.",3,4622,narv_shakespeareFest_1963Program.pdf
COU:2436:01:002:013,Colorado Shakespeare Festival Collection,The seventh annual Colorado Shakespeare Festival 1964 souvenir program,"Colorado Shakespeare Festival, publisher",http://id.loc.gov/authorities/names/n80014177,,,"Shakespeare, William, 1564-1616 -- Dramatic production",http://id.loc.gov/authorities/subjects/sh85120938,Drama festivals -- Colorado,http://id.loc.gov/authorities/subjects/sh85039336,http://id.loc.gov/authorities/names/n80125532,,,"This souvenir program from the Seventh Annual Colorado Shakespeare Festival features the plays As You Like It, King John, and Troilus and Cressida by William Shakespeare. It includes notes on the Festival and each play; photographs and biographical sketches for the staff and cast; numerous photographs and illustrations; and advertisements from local Festival supporters.","Nadeau, Albert H.",,"Mitchell, Justin",,"Nadeau, Barry",,"Green, David",,"Nadeau, Ellen",,"Nadeau, Mark",,"Perry, Floyd",,"DeSantis, Frederic",,"Preston, Paula","Price, Roberta",,"Rascoe, Josephine",,"Kohn, Susan",,"Renner, Michael",,"Allen, Ella Marie",,"Reynolds, Edgar",http://id.loc.gov/authorities/names/n2009039284,"Green, Harry L.",,"Ricker, Robin",http://id.loc.gov/authorities/names/nr2006017936,"Robertson, Leonard Alan",,"Ryan, Tom R.",,"Sandoe, Anne",,"Dobkin, William",,"Skagerberg, Marvin C.",,"Kraft, Barry",http://id.loc.gov/authorities/names/n98098582,"Stafford, Edward",,"Stone, S. Kenneth","Taaffe, Jewel B.","Trevor, Tom",,"Sandoe, James",,"Berezenko, Nicholas","Weiser, Ricky","Bissell, Steve",,"Borden, Marshall E.",,"Corbin, L. Barry",,"DeChadenedes, Anne",,"Eames, Doug","Crow, Dorothy","Edelman, Charles","Foster, Patricia","Gore, Linda",,"Haloulos, Peter","Grassle, Karen, 1944",http://id.loc.gov/authorities/names/n87860187,"Lockett, Rus G.","Hatcher, Zachary","Johnson, Glenn","Johnson, Robert L.",,"McCandless, C. Marsh","Knaub, Mandy",,"Maraviglia, Larry John","Shattuck, Charles H.",,"Millar, Robert",,1964,Text,http://purl.org/dc/dcmitype/Text,souvenir programs,http://vocab.getty.edu/aat/300253341,English,http://id.loc.gov/vocabulary/iso639-2/eng,"Special Collections, Archives & Preservation, University of Colorado Boulder",Catalog record: http://archives.colorado.edu/repositories/2/archival_objects/50567,Collection record: http://libraries.colorado.edu/record=b10161644~S3,"Boulder, Colorado",http://vocab.getty.edu/tgn/7013446,"Copyright and other restrictions may apply. User is responsible for compliance with all applicable laws. For information about copyright law, please see https://www.cusys.edu/DigitalLibrary/copyright.html.",4,4622,narv_shakespeareFest_1964Program.pdf
COU:2436:01:002:014,Colorado Shakespeare Festival Collection,The eighth annual Colorado Shakespeare Festival 1965 souvenir program … [with the] 18th annual Creative Arts Festival,"Colorado Shakespeare Festival, publisher",http://id.loc.gov/authorities/names/n80014177,,,"Shakespeare, William, 1564-1616 -- Dramatic production",http://id.loc.gov/authorities/subjects/sh85120938,Drama festivals -- Colorado,http://id.loc.gov/authorities/subjects/sh85039336,http://id.loc.gov/authorities/names/n80125532,,,"This souvenir program from the Eighth Annual Colorado Shakespeare Festival features the plays Hamlet, The Tempest, and King Henry IV, pt. 2 by William Shakespeare. It includes notes on the Festival and each play; photographs and biographical sketches for the staff and cast; numerous photographs and illustrations; and advertisements from local Festival supporters.","Sandoe, James",,"Hedemann, Christian",,"Johnson, Glenn H.",,"Renner, Michael",,"Kraft, Barry",http://id.loc.gov/authorities/names/n98098582,"Minault, Pierre",,"Pollack, Bob",,"Prindle, Roderic",http://id.loc.gov/authorities/names/n86873757,"Roseen, Irene","Cobin, Martin, 1920-",http://id.loc.gov/authorities/names/no2010056494,"Stafford, Ed",,"Antoszewski, Eugene J.",,"Tini, Thomas",,"Weiser, Ricky",,"Wines, Christopher",http://id.loc.gov/authorities/names/n2009053848,"Reynolds, Edgar",http://id.loc.gov/authorities/names/n2009039284,,,,,,,,,,,,,"Askew, Margarete",,,,,,,,,,,,,,,,,,"Grassle, Karen, 1944-",http://id.loc.gov/authorities/names/n87860187,,,,,,,,,,"Blanc, Maurice",,,,,"Brannock, James",,,"Casey, Timothy","Gordon, Fred",,"Griffin, Alan",,1965,Text,http://purl.org/dc/dcmitype/Text,souvenir programs,http://vocab.getty.edu/aat/300253341,English,http://id.loc.gov/vocabulary/iso639-2/eng,"Special Collections, Archives & Preservation, University of Colorado Boulder",Catalog record: http://archives.colorado.edu/repositories/2/archival_objects/50568,Collection record: http://libraries.colorado.edu/record=b10161644~S3,"Boulder, Colorado",http://vocab.getty.edu/tgn/7013446,"Copyright and other restrictions may apply. User is responsible for compliance with all applicable laws. For information about copyright law, please see https://www.cusys.edu/DigitalLibrary/copyright.html.",5,4622,narv_shakespeareFest_1965Program.pdf
COU:2436:01:002:015,Colorado Shakespeare Festival Collection,"Ninth annual Colorado Shakespeare Festival, August 6-21, 1966","Colorado Shakespeare Festival, publisher",http://id.loc.gov/authorities/names/n80014177,,,"Shakespeare, William, 1564-1616 -- Dramatic production",http://id.loc.gov/authorities/subjects/sh85120938,Drama festivals -- Colorado,http://id.loc.gov/authorities/subjects/sh85039336,http://id.loc.gov/authorities/names/n80125532,,,"This brochure features the plays The Merchant of Venice, The Merry Wives of Windsor, and Coriolanus by William Shakespeare.",,,,,,,,,,,,,,,,,,,,,,,,,,,,,,,,,,,,,,,,,,,,,,,,,,,,,,,,,,,,,,,,,,,,,,,,,,,,,,,,,,,,,,1966,Text,http://purl.org/dc/dcmitype/Text,brochures,http://vocab.getty.edu/aat/300248280,English,http://id.loc.gov/vocabulary/iso639-2/eng,"Special Collections, Archives & Preservation, University of Colorado Boulder",Catalog record: http://archives.colorado.edu/repositories/2/archival_objects/50569,Collection record: http://libraries.colorado.edu/record=b10161644~S3,"Boulder, Colorado",http://vocab.getty.edu/tgn/7013446,"Copyright and other restrictions may apply. User is responsible for compliance with all applicable laws. For information about copyright law, please see https://www.cusys.edu/DigitalLibrary/copyright.html.",38,4622,narv_shakespeareFest_1966Program_b.pdf
COU:2436:01:002:015,Colorado Shakespeare Festival Collection,The ninth annual Colorado Shakespeare Festival 1966 souvenir program … [with the] 19th annual Creative Arts Program,"Colorado Shakespeare Festival, publisher",http://id.loc.gov/authorities/names/n80014177,,,"Shakespeare, William, 1564-1616 -- Dramatic production",http://id.loc.gov/authorities/subjects/sh85120938,Drama festivals -- Colorado,http://id.loc.gov/authorities/subjects/sh85039336,http://id.loc.gov/authorities/names/n80125532,,,"This souvenir program from the Ninth Annual Colorado Shakespeare Festival features the plays The Merchant of Venice, The Merry Wives of Windsor, and Coriolanus by William Shakespeare. It includes notes on the Festival and each play; photographs and biographical sketches for the staff and cast; numerous photographs and illustrations; and advertisements from local Festival supporters.","Nadeau, Albert H.",,"Kraft, Barry",http://id.loc.gov/authorities/names/n98098582,"Lang, James",,"Du Rand Morgan, Le Clanche",,"Larson, Dana",,"Lemley, Ned",,"Lopez-Morillas, Julian",,"McDermott, Patrick",,"Schenck, Garrett","Sandoe, James",,"Ritchell, Ronald",,"Biles, Milton",,"Sutorius, James, 1944-",http://id.loc.gov/authorities/names/no2004108289,"Walter, Frederick",,"Weiser, Ricky",,"Reynolds, Edgar",http://id.loc.gov/authorities/names/n2009039284,,,,,,,,,,,,,"Bramhall, Mark",,,,,,,,,,,,,,,,,,"Forester, Phillip",,,,,,,,,,,"Casey, Timothy",,,,,"Conwell, Charles",,,"De Gusta, Kenneth","Edmondson, James",,"Gallegos, Lawrence",,1966,Text,http://purl.org/dc/dcmitype/Text,souvenir programs,http://vocab.getty.edu/aat/300253341,English,http://id.loc.gov/vocabulary/iso639-2/eng,"Special Collections, Archives & Preservation, University of Colorado Boulder",Catalog record: http://archives.colorado.edu/repositories/2/archival_objects/50569,Collection record: http://libraries.colorado.edu/record=b10161644~S3,"Boulder, Colorado",http://vocab.getty.edu/tgn/7013446,"Copyright and other restrictions may apply. User is responsible for compliance with all applicable laws. For information about copyright law, please see https://www.cusys.edu/DigitalLibrary/copyright.html.",6,4622,narv_shakespeareFest_1966Program.pdf
COU:2436:01:002:015,Colorado Shakespeare Festival Collection,"The University of Colorado Theatre, scholarships in acting, August 6-21, 1966","Colorado Shakespeare Festival, publisher",http://id.loc.gov/authorities/names/n80014177,,,"Shakespeare, William, 1564-1616 -- Dramatic production",http://id.loc.gov/authorities/subjects/sh85120938,Drama festivals -- Colorado,http://id.loc.gov/authorities/subjects/sh85039336,http://id.loc.gov/authorities/names/n80125532,,,,,,,,,,,,,,,,,,,,,,,,,,,,,,,,,,,,,,,,,,,,,,,,,,,,,,,,,,,,,,,,,,,,,,,,,,,,,,,,,,,,,,,,,1966,Text,http://purl.org/dc/dcmitype/Text,fliers (printed matter),http://vocab.getty.edu/aat/300224742,English,http://id.loc.gov/vocabulary/iso639-2/eng,"Special Collections, Archives & Preservation, University of Colorado Boulder",Catalog record: http://archives.colorado.edu/repositories/2/archival_objects/50569,Collection record: http://libraries.colorado.edu/record=b10161644~S3,"Boulder, Colorado",http://vocab.getty.edu/tgn/7013446,"Copyright and other restrictions may apply. User is responsible for compliance with all applicable laws. For information about copyright law, please see https://www.cusys.edu/DigitalLibrary/copyright.html.",39,4622,narv_shakespeareFest_1966Program_c.pdf
COU:2436:01:002:016,Colorado Shakespeare Festival Collection,The tenth annual Colorado Shakespeare Festival 1967 souvenir program … [with the] 20th annual Creative Arts Program,"Colorado Shakespeare Festival, publisher",http://id.loc.gov/authorities/names/n80014177,,,"Shakespeare, William, 1564-1616 -- Dramatic production",http://id.loc.gov/authorities/subjects/sh85120938,Drama festivals -- Colorado,http://id.loc.gov/authorities/subjects/sh85039336,http://id.loc.gov/authorities/names/n80125532,,,"This souvenir program from the Tenth Annual Colorado Shakespeare Festival features the plays A Midsummer Night's Dream, Titus Andronicus, and Henry VI (part 1) by William Shakespeare. It includes notes on the Festival and each play; photographs and biographical sketches for the staff and cast; numerous photographs and illustrations; and advertisements from local Festival supporters.","Cobin, Martin, 1920-",http://id.loc.gov/authorities/names/no2010056494,"Weiser, Ricky",,"Antoszewski, Eugene J.",,"Kraft, Barry",http://id.loc.gov/authorities/names/n98098582,"Bayer, Gary",,"Bernstein, Bradley",,"Booth, Ken Jon",,"Everding, Robert G.",,"Edmondson, James M.","Eickelberg, Karen",,"Galman, Peter",,"Morgan, Cecily",,"Gorman, Jo Firestone",,"Groening, Karen",,"Ingenthron, Karen",,"Lemley, Ned",,"Jackson, Steve",,"Janover, Michael, 1946-",http://id.loc.gov/authorities/names/no2011020568,"Sandoe, James",,"Lopez-Morillas, Julian",http://id.loc.gov/authorities/names/no99083307,"Lynch, Tom (Thomas W.), 1956-",http://id.loc.gov/authorities/names/n2010008345,"Marshall, Peter",,"Rae, Lynda",,"Masters, D.",,"Metaxas, Jason",,,,,,,,,,,,,,"Elliott, Denney",,,,,,,,,,,"Rayher, Phillip B.",,,,,"Redmond, Thomas Kirk",,,"Taylor, Colin","Benedetti, Robert L.",http://id.loc.gov/authorities/names/n80098378,"Uttal, Bro",,1967,Text,http://purl.org/dc/dcmitype/Text,souvenir programs,http://vocab.getty.edu/aat/300253341,English,http://id.loc.gov/vocabulary/iso639-2/eng,"Special Collections, Archives & Preservation, University of Colorado Boulder",Catalog record: http://archives.colorado.edu/repositories/2/archival_objects/50570,Collection record: http://libraries.colorado.edu/record=b10161644~S3,"Boulder, Colorado",http://vocab.getty.edu/tgn/7013446,"Copyright and other restrictions may apply. User is responsible for compliance with all applicable laws. For information about copyright law, please see https://www.cusys.edu/DigitalLibrary/copyright.html.",7,4622,narv_shakespeareFest_1967Program.pdf
COU:2436:01:002:017,Colorado Shakespeare Festival Collection,The eleventh annual Colorado Shakespeare Festival 1968 souvenir program … [with the] 21st annual Creative Arts Program,"Colorado Shakespeare Festival, publisher",http://id.loc.gov/authorities/names/n80014177,,,"Shakespeare, William, 1564-1616 -- Dramatic production",http://id.loc.gov/authorities/subjects/sh85120938,Drama festivals -- Colorado,http://id.loc.gov/authorities/subjects/sh85039336,http://id.loc.gov/authorities/names/n80125532,,,"This souvenir program from the Eleventh Annual Colorado Shakespeare Festival features the plays Macbeth, Two Gentlemen of Verona, and Henry VI (part 2) by William Shakespeare. It includes notes on the Festival and each play; photographs and biographical sketches for the staff and cast; numerous photographs and illustrations; and advertisements from local Festival supporters.","Nadeau, Albert H.",,"Zareff, Stan",,"Adamson, David",,"Lynch, Tom (Thomas W.), 1956-",http://id.loc.gov/authorities/names/n2010008345,"Edmondson, James M.",,"Flaten, Cloyce Morrow",,"Flaten, David N.",,"Grant, Denene von Glan",,"Foster, Patricia","Gardner, Marcia",,"Grantham, Kenneth",,"Redmond, Thomas Kirk",,"Ingenthron, Karen",,"Klein, Kenneth Carl",,"Lange, Ted, 1948-",http://id.loc.gov/authorities/names/nr98027695,"McLaughlin, William",,"Leffingwell, Josephine",,"Lopez-Morillas, Julian",http://id.loc.gov/authorities/names/no99083307,"Herstadt, Theodore",,"Marshall, John",,"O'Connell, John",,"Potter, Andrew",,"Ritterson, Jay",,"Du Rand, LeClanche",,"Redmond, Ralph",,,,,,,,,,,,,,"Gardner, Robert M.",,,,,,,,,,,"Schenk, Ernest",,,,,"Schwartz, Ronald",,,"Spano, Joseph","Reynolds, Edgar",http://id.loc.gov/authorities/names/n2009039284,"Urquhart, Deems C.",,1968,Text,http://purl.org/dc/dcmitype/Text,souvenir programs,http://vocab.getty.edu/aat/300253341,English,http://id.loc.gov/vocabulary/iso639-2/eng,"Special Collections, Archives & Preservation, University of Colorado Boulder",Catalog record: http://archives.colorado.edu/repositories/2/archival_objects/50571,Collection record: http://libraries.colorado.edu/record=b10161644~S3,"Boulder, Colorado",http://vocab.getty.edu/tgn/7013446,"Copyright and other restrictions may apply. User is responsible for compliance with all applicable laws. For information about copyright law, please see https://www.cusys.edu/DigitalLibrary/copyright.html.",8,4622,narv_shakespeareFest_1968Program.pdf
COU:2436:01:002:018,Colorado Shakespeare Festival Collection,The twelfth annual Colorado Shakespeare Festival 1969 souvenir program … [with the] 22nd annual Creative Arts Festival,"Colorado Shakespeare Festival, publisher",http://id.loc.gov/authorities/names/n80014177,,,"Shakespeare, William, 1564-1616 -- Dramatic production",http://id.loc.gov/authorities/subjects/sh85120938,Drama festivals -- Colorado,http://id.loc.gov/authorities/subjects/sh85039336,http://id.loc.gov/authorities/names/n80125532,,,"This souvenir program from the Twelfth Annual Colorado Shakespeare Festival features the plays Romeo and Juliet, The Taming of the Shrew, and Henry VI (part 3) by William Shakespeare. It includes notes on the Festival and each play; photographs and biographical sketches for the staff and cast; numerous photographs and illustrations; and advertisements from local Festival supporters.","Cobin, Martin, 1920-",http://id.loc.gov/authorities/names/no2010056494,"Dyde, Farrell",,"Edmondson, James",,"Longtin, Russell",,"Francisco, Richard",,"Grant, Denene von Glan",,"Grindstaff, Stanley",,"Heckman, Hugh M.",,"Huddleston, William","Lippert, Lawrence",,"Lipscomb, Dennis, 1942-",http://id.loc.gov/authorities/names/no2011035329,"Winn, Cal",,"Lopez-Morillas, Julian",http://id.loc.gov/authorities/names/no99083307,"Benedetti, Robert L.",http://id.loc.gov/authorities/names/n80098378,"McLarty, Ronald",,"Pedigo, Michael",,"Reese, Jeffrey",,"Ruiz, Nedra",,"Webster, Peter Michael",,,,,,,,"Wolberg, Robert",,,,,,,,,,,,,,,,,,"Flaten, Cloyce Morrow",,,,,,,,,,,"Addison, Michael",,,,,"Bouvier, David G.",,,"Canada, James","Douglas, Randi",,"Draudt, Avril",,1969,Text,http://purl.org/dc/dcmitype/Text,souvenir programs,http://vocab.getty.edu/aat/300253341,English,http://id.loc.gov/vocabulary/iso639-2/eng,"Special Collections, Archives & Preservation, University of Colorado Boulder",Catalog record: http://archives.colorado.edu/repositories/2/archival_objects/50572,Collection record: http://libraries.colorado.edu/record=b10161644~S3,"Boulder, Colorado",http://vocab.getty.edu/tgn/7013446,"Copyright and other restrictions may apply. User is responsible for compliance with all applicable laws. For information about copyright law, please see https://www.cusys.edu/DigitalLibrary/copyright.html.",9,4622,narv_shakespeareFest_1969Program.pdf
COU:2436:01:002:019,Colorado Shakespeare Festival Collection,The thirteenth annual Colorado Shakespeare Festival 1970 souvenir program … [with the] 23rd annual Creative Arts Program,"Colorado Shakespeare Festival, publisher",http://id.loc.gov/authorities/names/n80014177,,,"Shakespeare, William, 1564-1616 -- Dramatic production",http://id.loc.gov/authorities/subjects/sh85120938,Drama festivals -- Colorado,http://id.loc.gov/authorities/subjects/sh85039336,http://id.loc.gov/authorities/names/n80125532,,,"This souvenir program from the Thirteenth Annual Colorado Shakespeare Festival features the plays Othello, Richard III, and All's Well that Ends Well by William Shakespeare. It includes notes on the Festival and each play; photographs and biographical sketches for the staff and cast; numerous photographs and illustrations; and advertisements from local Festival supporters.","Nadeau, Albert H.",,"Woods, Leigh",,"Wright, David",,"Hurley, Kathleen P.",,"Barton, Robert",,"Bouvier, David Gerald",,"Brogger, Ivar, 1947-",http://id.loc.gov/authorities/names/no2016044076,"Foss, Jonathan",,"Cass, William M.","Courtney, Michael",,"Du Rand, LeClanche",,"Porter, Scott",http://id.loc.gov/authorities/names/no2010091065,"Francisco, Richard",,"Franklin, Carl Mikal",,"Grantham, Kenneth",,"Kissack, Anne Christiane",,"Hibbert, Sydney",,"Hoffman, Henry",,"Hoyt, Gregory",,"Reynolds, Edgar",http://id.loc.gov/authorities/names/n2009039284,"McDonald, Heather, 1959-",http://id.loc.gov/authorities/names/n2007040529,"Marion, Richard",,"Renner, Michael",,"Nause, Allen",,"Pedigo, Michael","Porter, Mary Ed",,,,,,,,,,,,,"Edmondson, James",,,,,,,,,,,"Richter, George Jr.",,,,,"von Glan, Denene",,,"Weiser, Ricky","Sandoe, James",,"Winn, Cal",,1970,Text,http://purl.org/dc/dcmitype/Text,souvenir programs,http://vocab.getty.edu/aat/300253341,English,http://id.loc.gov/vocabulary/iso639-2/eng,"Special Collections, Archives & Preservation, University of Colorado Boulder",Catalog record: http://archives.colorado.edu/repositories/2/archival_objects/50573,Collection record: http://libraries.colorado.edu/record=b10161644~S3,"Boulder, Colorado",http://vocab.getty.edu/tgn/7013446,"Copyright and other restrictions may apply. User is responsible for compliance with all applicable laws. For information about copyright law, please see https://www.cusys.edu/DigitalLibrary/copyright.html.",10,4622,narv_shakespeareFest_1970Program.pdf
COU:2436:01:002:020,Colorado Shakespeare Festival Collection,The 1971 Colorado Shakespeare Festival,"Colorado Shakespeare Festival, publisher",http://id.loc.gov/authorities/names/n80014177,,,"Shakespeare, William, 1564-1616 -- Dramatic production",http://id.loc.gov/authorities/subjects/sh85120938,Drama festivals -- Colorado,http://id.loc.gov/authorities/subjects/sh85039336,http://id.loc.gov/authorities/names/n80125532,,,"This theater program from the 1971 annual Colorado Shakespeare Festival features the plays Love's Labour's Lost, King Lear, and Henry VIII by William Shakespeare. It includes notes on the Festival and each play; photographs and biographical sketches for the staff and cast; numerous photographs and illustrations; and advertisements from local Festival supporters.","Reynolds, Edgar",http://id.loc.gov/authorities/names/n2009039284,"WInn, Cal",,"Adamson, David",,"Kaikkonen, Gus",http://id.loc.gov/authorities/names/n85078668,"Albertson, Sarah",,"Barron, Holly",,"Barton, Robert, 1945-",http://id.loc.gov/authorities/names/n84030571,"Craig, James A.",,"Boyd, Gregory","Buchanan, Robert R.",,"Fair, Cheryl K.",,"Peters, William",,"Hibbert, Sydney",,"Higgins, Judith",,"Hirschboeck, Robert",,"Marx, Judith",,"Hoffman, Henry",,"Johnson, Robin",,"Benedetti, Robert L.",http://id.loc.gov/authorities/names/n80098378,"McDonald, Durward",,"McEowen, Michael",,"Nause, Allen",,"Porter, Mary Ed",,"Odell, Kent",,"Oertel, Paul",,,,,,,,,,,,,,"Cave, James",,,,,,,,,,,"Porter, Scott",,,,http://id.loc.gov/authorities/names/no2010091065,"Schile, John Jr.",,,"Tolman, Vance","Edmondson, James",,"Wilcox, Charles",,1971,Text,http://purl.org/dc/dcmitype/Text,theater programs,http://vocab.getty.edu/aat/300027217,English,http://id.loc.gov/vocabulary/iso639-2/eng,"Special Collections, Archives & Preservation, University of Colorado Boulder",Catalog record: http://archives.colorado.edu/repositories/2/archival_objects/50574,Collection record: http://libraries.colorado.edu/record=b10161644~S3,"Boulder, Colorado",http://vocab.getty.edu/tgn/7013446,"Copyright and other restrictions may apply. User is responsible for compliance with all applicable laws. For information about copyright law, please see https://www.cusys.edu/DigitalLibrary/copyright.html.",11,4622,narv_shakespeareFest_1971Program.pdf
COU:2436:01:002:021,Colorado Shakespeare Festival Collection,The 1972 Colorado Shakespeare Festival,"Colorado Shakespeare Festival, publisher",http://id.loc.gov/authorities/names/n80014177,,,"Shakespeare, William, 1564-1616 -- Dramatic production",http://id.loc.gov/authorities/subjects/sh85120938,Drama festivals -- Colorado,http://id.loc.gov/authorities/subjects/sh85039336,http://id.loc.gov/authorities/names/n80125532,"Jonson, Ben, 1573?-1637",http://id.loc.gov/authorities/names/n80044918,"This theater program from the 1972 annual Colorado Shakespeare Festival features the plays Antony and Cleopatra and The Winter's Tale by William Shakespeare, and Volpone by Ben Jonson. It includes notes on the Festival and each play; photographs and biographical sketches for the staff and cast; numerous photographs and illustrations; and advertisements from local Festival supporters.","Nadeau, Albert H.",,"Engene, Debbie",,"Farley, Peter",,"Oertel, Paul",,"Heneman, Margaret",,"Hornbacher, Jay Paul",,"Kallus, Robert",,"Kern, Daniel",,"Leberer, Michael","Lundby, Albert",,"McCloskey, Kate",,"Wilcox, Charles",,"Moone, Horace",,"Porter, Mary Ed",,"Rossi, Alfred",,"Porter, Scott",http://id.loc.gov/authorities/names/no2010091065,"Ryan, Patricia",,"Sampson, Ed",,"Tezla, Michael",http://id.loc.gov/authorities/names/no2013122479,"Tobinski, John R.",,,,,,"Winn, Cal",,,,,,,,,,,,,,,,,,"Hoffman, Henry",,,,,,,,,,,"Woods, Ron",,,,,"Reynolds, Edgar",,http://id.loc.gov/authorities/names/n2009039284,"Cohen, Jeffrey","Corcoran, Daniel",,"Du Rand, LeClanche",,1972,Text,http://purl.org/dc/dcmitype/Text,theater programs,http://vocab.getty.edu/aat/300027217,English,http://id.loc.gov/vocabulary/iso639-2/eng,"Special Collections, Archives & Preservation, University of Colorado Boulder",Catalog record: http://archives.colorado.edu/repositories/2/archival_objects/50575,Collection record: http://libraries.colorado.edu/record=b10161644~S3,"Boulder, Colorado",http://vocab.getty.edu/tgn/7013446,"Copyright and other restrictions may apply. User is responsible for compliance with all applicable laws. For information about copyright law, please see https://www.cusys.edu/DigitalLibrary/copyright.html.",12,4622,narv_shakespeareFest_1972Program.pdf
COU:2436:01:002:022,Colorado Shakespeare Festival Collection,The 1973 Colorado Shakespeare Festival,"Colorado Shakespeare Festival, publisher",http://id.loc.gov/authorities/names/n80014177,,,"Shakespeare, William, 1564-1616 -- Dramatic production",http://id.loc.gov/authorities/subjects/sh85120938,Drama festivals -- Colorado,http://id.loc.gov/authorities/subjects/sh85039336,http://id.loc.gov/authorities/names/n80125532,,,"This theater program from the 1973 annual Colorado Shakespeare Festival features the plays Twelfth Night, Hamlet, and Pericles by William Shakespeare. It includes notes on the Festival and each play; photographs and biographical sketches for the staff and cast; numerous photographs and illustrations; and advertisements from local Festival supporters.","Yang, Daniel Shih-pÊ»eng",http://id.loc.gov/authorities/names/n97867624,"Donadio, James A.",,"Frick, Marcy",,"Moone, Horace",,"Frumess, Greg",,"Kaikkonen, Gus",http://id.loc.gov/authorities/names/n85078668,"Kallus, Robert",,"Kelly, Deidre",,"Linowitz, Arthur","Maza, Bruce A.",,"McLaughlin, William",,"Sandoe, Anne",,"Mittelman, Benjamin",,"Moore, J. Wolfson",,"Wickstrom, Gordon",,"Rabold, Rex",,"Ryan, Patricia L.",,"Sabrey-Saperstein, Sheila, 1940-",http://id.loc.gov/authorities/names/no96058871,"Sadler, William T.",,"Sampson, Ed",,,,,,"Springer, S. Anne",,,,,,,,,,,,,,,,,,"Johnson, Dean, 1949-",http://id.loc.gov/authorities/names/no2007131773,,,,,,,,,,"Steis, Bill",,,,,"Sandoe, James",,,"Baccus, Paul","Barton, Robert, 1945",http://id.loc.gov/authorities/names/n84030571,"Beirne, Michael",,1973,Text,http://purl.org/dc/dcmitype/Text,theater programs,http://vocab.getty.edu/aat/300027217,English,http://id.loc.gov/vocabulary/iso639-2/eng,"Special Collections, Archives & Preservation, University of Colorado Boulder",Catalog record: http://archives.colorado.edu/repositories/2/archival_objects/50576,Collection record: http://libraries.colorado.edu/record=b10161644~S3,"Boulder, Colorado",http://vocab.getty.edu/tgn/7013446,"Copyright and other restrictions may apply. User is responsible for compliance with all applicable laws. For information about copyright law, please see https://www.cusys.edu/DigitalLibrary/copyright.html.",13,4622,narv_shakespeareFest_1973Program.pdf
COU:2436:01:002:023,Colorado Shakespeare Festival Collection,The 1974 Colorado Shakespeare Festival,"Colorado Shakespeare Festival, publisher",http://id.loc.gov/authorities/names/n80014177,,,"Shakespeare, William, 1564-1616 -- Dramatic production",http://id.loc.gov/authorities/subjects/sh85120938,Drama festivals -- Colorado,http://id.loc.gov/authorities/subjects/sh85039336,http://id.loc.gov/authorities/names/n80125532,,,"This theater program from the 1974 annual Colorado Shakespeare Festival features the plays Macbeth, A Midsummer Night's Dream, and Timon of Athens by William Shakespeare. It includes notes on the Festival and each play; photographs and biographical sketches for the staff and cast; numerous photographs and illustrations; and advertisements from local Festival supporters.","Cobin, Martin, 1920-",http://id.loc.gov/authorities/names/no2010056494,"O'Sruitheain, Liam Mykael",,"Parker, John",,"Giffin, Peter David",,"Paslawsky, Greg",,"Poust, J. Carter",,"Price, Rod",,"Compiano, Mary",,"Rabold, Rex","Raskin, Steve",,"Sampson, Ed",,"Kallus, Robert",,"Schattinger, Fredye Jo",,"Barton, Robert, 1945-",http://id.loc.gov/authorities/names/n84030571,"Schattinger, George",,"Gussenhoven, Paul D.",,"Shuchter, J. D.",,"Stolley, Pati",,"Trump, Jacqueline",,"Woods, Ron",,"Dawson, John",,"Bass, Harriet",,"Klopp, Mary Beth",,"Bell, Richard O.",http://id.loc.gov/authorities/names/n79149146,"Bowles, Warren","Boyette, Patricia","Carman, Whit",,"Baruch, Robert",,"Dodd, Terry","Ferwerda, J. W. Ross","Furtney, David",,"Furtney, Seth",,"Georgianna, Frank",,"Casserly, Claudia",,"Hall, Kenton","Hauser, Cindy R.","Holloman, Duncan","Hunt, James","Jones, Marilyn, 1956-",http://id.loc.gov/authorities/names/n93095698,,,,"Lauter, Wendy",,,,,"McConnell, Mark",,,"Moburg, Diane","Weiser, Ricky",,"Nause, Allen",,1974,Text,http://purl.org/dc/dcmitype/Text,theater programs,http://vocab.getty.edu/aat/300027217,English,http://id.loc.gov/vocabulary/iso639-2/eng,"Special Collections, Archives & Preservation, University of Colorado Boulder",Catalog record: http://archives.colorado.edu/repositories/2/archival_objects/50577,Collection record: http://libraries.colorado.edu/record=b10161644~S3,"Boulder, Colorado",http://vocab.getty.edu/tgn/7013446,"Copyright and other restrictions may apply. User is responsible for compliance with all applicable laws. For information about copyright law, please see https://www.cusys.edu/DigitalLibrary/copyright.html.",14,4622,narv_shakespeareFest_1974Program.pdf
COU:2436:01:002:024,Colorado Shakespeare Festival Collection,The 1975 Colorado Shakespeare Festival,"Colorado Shakespeare Festival, publisher",http://id.loc.gov/authorities/names/n80014177,,,"Shakespeare, William, 1564-1616 -- Dramatic production",http://id.loc.gov/authorities/subjects/sh85120938,Drama festivals -- Colorado,http://id.loc.gov/authorities/subjects/sh85039336,http://id.loc.gov/authorities/names/n80125532,,,"This theater program from the 1975 annual Colorado Shakespeare Festival features the plays Cymbeline, As You Like It, and Romeo and Juliet by William Shakespeare. It includes notes on the Festival and each play; photographs and biographical sketches for the staff and cast; numerous photographs and illustrations; and advertisements from local Festival supporters. The program also includes Festival Notes, 1958-1975, a comparison between the CSF of 1958 and 1975, and a listing of plays and directors from 1958 to 1975.","Crouch, J. H.",,"Rolen, Richard",,"Rovetch, Jennifer J.",,"Hall, Sands",http://id.loc.gov/authorities/names/no00094634,"Sampson, Ed",,"Steckler, Theodore",,"Walker, David Arthur",,"Ericson, Richard",,"Weiser, Ricky","Wells, David",,"Woods, Ron",,"Nickerson, Ruth",,"Vaughn, Art",,"Amendola, Tony",http://id.loc.gov/authorities/names/no2008126611,"Zukerman, Robert",,"Hirschboeck, Robert",,"Barton, Robert, 1945",http://id.loc.gov/authorities/names/n84030571,"Blake, Marian",,"Cass, Lousie H.",,"De Santis, Patrick",,"Foxman, J. Rachel",,"Donadio, James",,"O'Conner, Paul V.",,"Giffin, Peter David",,"Glicker, David Mark","Graff, Jess","Hall, Kent",,"Wickstrom, Gordon M.",,"Hall, Paula Preston","Jones, Donald R.","Jones, Marilyn, 1956-",http://id.loc.gov/authorities/names/n93095698,"Kallus, Robert",,"Knaub, Mandy",,"Edmondson, James",,"MacCameron, Barbara L.",,,,,,,,,"Payne, Tonia L.",,,,,"Rabold, Rex",,,"Rahal, Carl A.","Yang, Daniel Shih-pÊ»eng",http://id.loc.gov/authorities/names/n97867624,"Riehle, Richard, 1948-",http://id.loc.gov/authorities/names/no2003109458,1975,Text,http://purl.org/dc/dcmitype/Text,theater programs,http://vocab.getty.edu/aat/300027217,English,http://id.loc.gov/vocabulary/iso639-2/eng,"Special Collections, Archives & Preservation, University of Colorado Boulder",Catalog record: http://archives.colorado.edu/repositories/2/archival_objects/50578,Collection record: http://libraries.colorado.edu/record=b10161644~S3,"Boulder, Colorado",http://vocab.getty.edu/tgn/7013446,"Copyright and other restrictions may apply. User is responsible for compliance with all applicable laws. For information about copyright law, please see https://www.cusys.edu/DigitalLibrary/copyright.html.",15,4622,narv_shakespeareFest_1975Program.pdf
COU:2436:01:002:025,Colorado Shakespeare Festival Collection,The 19th annual Colorado Shakespeare Festival,"Colorado Shakespeare Festival, publisher",http://id.loc.gov/authorities/names/n80014177,,,"Shakespeare, William, 1564-1616 -- Dramatic production",http://id.loc.gov/authorities/subjects/sh85120938,Drama festivals -- Colorado,http://id.loc.gov/authorities/subjects/sh85039336,http://id.loc.gov/authorities/names/n80125532,,,"This theater program from the 19th Annual Colorado Shakespeare Festival features the plays The Comedy of Errors, The Tempest, and King John by William Shakespeare. It includes notes on the Festival and each play; photographs and biographical sketches for the staff and cast; numerous photographs and illustrations; and advertisements from local Festival supporters.","Benedetti, Robert L.",http://id.loc.gov/authorities/names/n80098378,"Williams, Denis R.",,"Williams, Thomas D.",,"Miller, David K.",,"Yarian, Stephan",,"Amendola, Tony",http://id.loc.gov/authorities/names/no2008126611,"Browne, Peggy",,"Gardner, Craig",,"Davis, Priscilla","Dumas, Mark M.",,"Eiche, Jeff",,"Schechtman, Ivan",,"Ferwerda, Craig",,"Giffin, Peter D.",,"Grubb, Shirley",,"O'Brien, Kevin Patrick",,"Holzberg, Roger",http://id.loc.gov/authorities/names/nr00014188,"MacCameron, Barbara L.",,"Macy, Cynthia Noel",,"McAfee, Joan Keogh",,"Potts, Lee",,"O'Brien, Laurie",,"Smith, Steve",,"Olson, Mary",,"Rahal, Carl A","Rorke, Richard","Sampson, Ed",,,,,,,,,,,,"Fitzsimmons, Brian",,,,,,,,,,,"Styles, Lynda B.",,,,,"Toth, John W.",,,"Walker, David Arthur","Weiser, Ricky",,"Wilcox, Charles",,1976,Text,http://purl.org/dc/dcmitype/Text,theater programs,http://vocab.getty.edu/aat/300027217,English,http://id.loc.gov/vocabulary/iso639-2/eng,"Special Collections, Archives & Preservation, University of Colorado Boulder",Catalog record: http://archives.colorado.edu/repositories/2/archival_objects/50579,Collection record: http://libraries.colorado.edu/record=b10161644~S3,"Boulder, Colorado",http://vocab.getty.edu/tgn/7013446,"Copyright and other restrictions may apply. User is responsible for compliance with all applicable laws. For information about copyright law, please see https://www.cusys.edu/DigitalLibrary/copyright.html.",16,4622,narv_shakespeareFest_1976Program.pdf
COU:2436:01:002:026,Colorado Shakespeare Festival Collection,"20th annual Colorado Shakespeare Festival, Boulder, Colorado, 1977","Colorado Shakespeare Festival, publisher",http://id.loc.gov/authorities/names/n80014177,,,"Shakespeare, William, 1564-1616 -- Dramatic production",http://id.loc.gov/authorities/subjects/sh85120938,Drama festivals -- Colorado,http://id.loc.gov/authorities/subjects/sh85039336,http://id.loc.gov/authorities/names/n80125532,,,"This theater program from the 20th Annual Colorado Shakespeare Festival features the plays Much Ado About Nothing, The Merchant of Venice, and Richard II by William Shakespeare. It includes notes on the Festival and each play; photographs and biographical sketches for the staff and cast; numerous photographs and illustrations; and advertisements from local Festival supporters.","Reynolds, Edgar",http://id.loc.gov/authorities/names/n2009039284,"Schaub, Randy",,"Shaw, Margie",,"Maddux, Jacklyn",,"Springer, Anya",,"Stubbs, Jim",,"Wall, George",,"Giffin, Peter D.",,"Weiser, Ricky","Williams, Denis",,"Woehlk, Heinz",,"Ponzlov, Frederick",,"Zetterberg, Mark C.",http://id.loc.gov/authorities/names/no2014005448,"Anthony, Bill",,"Bennett, C. V.",,"McQuown, Mark",,"Burgreen, Andrew",,"Carnahan, Shirley",,"Chamberlain, Richard Wells",,"Crowley, George T.",,"Gordon, Brad",,"Gruber, Margo",,"Rachele, Rainard",,"Johnson, William (William J.)",http://id.loc.gov/authorities/names/nb2002079028,"Lott, Larry C.","Lymberopoulos, John","Lyons, Tom",,"Mitchell, Ronald Elwy, 1905-1986",http://id.loc.gov/authorities/names/no2001046128,"Michaels, Greg","Miller, David K.","Morel, Jean Louis",,"Muzikar, Joseph F",,"Olson, Mary",,"Gale, Randolph",,,,,,,,,,,"Rahal, Carl A",,,,,"Reinhart, Roderick L.",,,"Rorke, Richard","Crouch, J.H.",,"Schaeffer, Cathy",,1977,Text,http://purl.org/dc/dcmitype/Text,theater programs,http://vocab.getty.edu/aat/300027217,English,http://id.loc.gov/vocabulary/iso639-2/eng,"Special Collections, Archives & Preservation, University of Colorado Boulder",Catalog record: http://archives.colorado.edu/repositories/2/archival_objects/50580,Collection record: http://libraries.colorado.edu/record=b10161644~S3,"Boulder, Colorado",http://vocab.getty.edu/tgn/7013446,"Copyright and other restrictions may apply. User is responsible for compliance with all applicable laws. For information about copyright law, please see https://www.cusys.edu/DigitalLibrary/copyright.html.",17,4622,narv_shakespeareFest_1977Program_b.pdf
COU:2436:01:002:026,Colorado Shakespeare Festival Collection,"20th annual Colorado Shakespeare Festival, Boulder, Colorado, 1977","Colorado Shakespeare Festival, publisher",http://id.loc.gov/authorities/names/n80014177,,,"Shakespeare, William, 1564-1616 -- Dramatic production",http://id.loc.gov/authorities/subjects/sh85120938,Drama festivals -- Colorado,http://id.loc.gov/authorities/subjects/sh85039336,http://id.loc.gov/authorities/names/n80125532,,,"This theater program features the plays Much Ado about Nothing, Richard II, and The Merchant of Venice by William Shakespeare.",,,,,,,,,,,,,,,,,,,,,,,,,,,,,,,,,,,,,,,,,,,,,,,,,,,,,,,,,,,,,,,,,,,,,,,,,,,,,,,,,,,,,,1977,Text,http://purl.org/dc/dcmitype/Text,theater programs,http://vocab.getty.edu/aat/300027217,English,http://id.loc.gov/vocabulary/iso639-2/eng,"Special Collections, Archives & Preservation, University of Colorado Boulder",Catalog record: http://archives.colorado.edu/repositories/2/archival_objects/50580,Collection record: http://libraries.colorado.edu/record=b10161644~S3,"Boulder, Colorado",http://vocab.getty.edu/tgn/7013446,"Copyright and other restrictions may apply. User is responsible for compliance with all applicable laws. For information about copyright law, please see https://www.cusys.edu/DigitalLibrary/copyright.html.",40,4622,narv_shakespeareFest_1977Program_a.pdf
COU:2436:01:002:027,Colorado Shakespeare Festival Collection,"21st annual Colorado Shakespeare Festival, July 21-August 18, 1978","Colorado Shakespeare Festival, publisher",http://id.loc.gov/authorities/names/n80014177,,,"Shakespeare, William, 1564-1616 -- Dramatic production",http://id.loc.gov/authorities/subjects/sh85120938,Drama festivals -- Colorado,http://id.loc.gov/authorities/subjects/sh85039336,http://id.loc.gov/authorities/names/n80125532,,,"This theater program from the 21st Annual Colorado Shakespeare Festival features the plays Twelfth Night, Othello, and Henry IV, Part 1 by William Shakespeare. It includes notes on the Festival and each play; photographs and biographical sketches for the staff and cast; numerous photographs and illustrations; and advertisements from local Festival supporters.","Benedetti, Robert L.",http://id.loc.gov/authorities/names/n80098378,"Reese, Lawrence",,"Rogers, Edward Lloyd",,"Hansche, Carol",,"Sanders, Dan",,"Schaeffer, Cathy",,"Shaw, Margie",,"Davis, William",,"Sneed, Philip C.","Tilson, Alan",,"Trautman, Allan, 1955-",http://id.loc.gov/authorities/names/no2015051051,"Lyth, Kjeld Erik",,"Wells, David M.",,"Ammen, Sharon",,"West, Steve",,"Hodge, Robin",,"Wilcox, Charles",,"Willson, Robert",,"Wisecarver, Jay R.",,"Bennett, C. V.",,"Defilippis, Leonardo",,"Benson, Gigi",,"Marcus, Richard",,"Brownson, Jeffrey",,"Bryant, David","Carnahan, Shirley","Finnegan, James",,"Cobin, Martin, 1920-",http://id.loc.gov/authorities/names/no2010056494,"Friedlander, Larry","Giffin, Peter D.","Gordon, Brad",,"Halston, Susannah",,"Johnson, William (William J.)",http://id.loc.gov/authorities/names/nb2002079028,"Crouch, J.H.",,"Kasahara, Margaret","Krelle, Jan","Laventhall, Don","Lehmann, Barbara",,,,,,"Maynard, Richard",,,,,"Mays, Rod",,,"McMartin, Cole","Stanley, Audrey",,"Rachele, Rainard",,1978,Text,http://purl.org/dc/dcmitype/Text,theater programs,http://vocab.getty.edu/aat/300027217,English,http://id.loc.gov/vocabulary/iso639-2/eng,"Special Collections, Archives & Preservation, University of Colorado Boulder",Catalog record: http://archives.colorado.edu/repositories/2/archival_objects/50581,Collection record: http://libraries.colorado.edu/record=b10161644~S3,"Boulder, Colorado",http://vocab.getty.edu/tgn/7013446,"Copyright and other restrictions may apply. User is responsible for compliance with all applicable laws. For information about copyright law, please see https://www.cusys.edu/DigitalLibrary/copyright.html.",18,4622,narv_shakespeareFest_1978Program.pdf
COU:2436:01:002:027,Colorado Shakespeare Festival Collection,"Colorado Shakespeare Festival 1978, 21st annual","Colorado Shakespeare Festival, publisher",http://id.loc.gov/authorities/names/n80014177,,,"Shakespeare, William, 1564-1616 -- Dramatic production",http://id.loc.gov/authorities/subjects/sh85120938,Drama festivals -- Colorado,http://id.loc.gov/authorities/subjects/sh85039336,http://id.loc.gov/authorities/names/n80125532,,,"This theater program features the plays Twelfth Night, Othello, and Henry VI, Part One by William Shakespeare.",,,,,,,,,,,,,,,,,,,,,,,,,,,,,,,,,,,,,,,,,,,,,,,,,,,,,,,,,,,,,,,,,,,,,,,,,,,,,,,,,,,,,,1978,Text,http://purl.org/dc/dcmitype/Text,theater programs,http://vocab.getty.edu/aat/300027217,English,http://id.loc.gov/vocabulary/iso639-2/eng,"Special Collections, Archives & Preservation, University of Colorado Boulder",Catalog record: http://archives.colorado.edu/repositories/2/archival_objects/50581,Collection record: http://libraries.colorado.edu/record=b10161644~S3,"Boulder, Colorado",http://vocab.getty.edu/tgn/7013446,"Copyright and other restrictions may apply. User is responsible for compliance with all applicable laws. For information about copyright law, please see https://www.cusys.edu/DigitalLibrary/copyright.html.",41,4622,narv_shakespeareFest_1978Program.pdf
COU:2436:01:002:028,Colorado Shakespeare Festival Collection,Colorado Shakespeare Festival 1979,"Colorado Shakespeare Festival, publisher",http://id.loc.gov/authorities/names/n80014177,,,"Shakespeare, William, 1564-1616 -- Dramatic production",http://id.loc.gov/authorities/subjects/sh85120938,Drama festivals -- Colorado,http://id.loc.gov/authorities/subjects/sh85039336,http://id.loc.gov/authorities/names/n80125532,,,"This theater program features the plays A Midsummer Night's Dream, King Lear, and Henry IV, Part Two by William Shakespeare.",,,,,,,,,,,,,,,,,,,,,,,,,,,,,,,,,,,,,,,,,,,,,,,,,,,,,,,,,,,,,,,,,,,,,,,,,,,,,,,,,,,,,,1979,Text,http://purl.org/dc/dcmitype/Text,theater programs,http://vocab.getty.edu/aat/300027217,English,http://id.loc.gov/vocabulary/iso639-2/eng,"Special Collections, Archives & Preservation, University of Colorado Boulder",Catalog record: http://archives.colorado.edu/repositories/2/archival_objects/50582,Collection record: http://libraries.colorado.edu/record=b10161644~S3,"Boulder, Colorado",http://vocab.getty.edu/tgn/7013446,"Copyright and other restrictions may apply. User is responsible for compliance with all applicable laws. For information about copyright law, please see https://www.cusys.edu/DigitalLibrary/copyright.html.",42,4622,narv_shakespeareFest_1979Program_a.pdf
COU:2436:01:002:028,Colorado Shakespeare Festival Collection,"Colorado Shakespeare Festival, 22nd season, July 20 through August 19, 1979","Colorado Shakespeare Festival, publisher",http://id.loc.gov/authorities/names/n80014177,,,"Shakespeare, William, 1564-1616 -- Dramatic production",http://id.loc.gov/authorities/subjects/sh85120938,Drama festivals -- Colorado,http://id.loc.gov/authorities/subjects/sh85039336,http://id.loc.gov/authorities/names/n80125532,,,"This theater program from the 22nd annual Colorado Shakespeare Festival features the plays A Midsummer Night's Dream, King Lear, and Henry IV, Part 2 by William Shakespeare. It includes notes on the Festival and each play; photographs and biographical sketches for the staff and cast; numerous photographs and illustrations; and advertisements from local Festival supporters.","Mitchell, Ronald Elwy, 1905-1986",http://id.loc.gov/authorities/names/no2001046128,"Trautman, Allan, 1955-",http://id.loc.gov/authorities/names/no2015051051,"Wells, David M.",,"Lyth, Kjeld Erik",,"Wickstrom, Gordon",,"Wilcox, Charles",,"Williams, Denis R.",,"Dahne, Julius L.",,"York, Will","Baker, Kip",,"Batson, Tim",,"Rowan, Tom",http://id.loc.gov/authorities/names/no2008144079,"Beigelman, Mark L.",,"Carnahan, Shirley",,"Childs, Casey",,"McKenzie, Michael",,"Cleveland, David",,"Donaghy, Maggie",,"Finnegan, James",,"Friedlander, Larry",,"Harper, Scott",http://id.loc.gov/authorities/names/n2011032900,"Helde, Annette",,"Sanders, Dan",,"Jamieson, Todd, 1953-2004",http://id.loc.gov/authorities/names/no2011159124,"Glover, William","Merghelani, Mohamed A.","Merghelani, Osama",,"Meyer, Ursula",,"Olson, Mary","Rock, Christopher Erin",,,,,,,"Crea, Patrick",,,,,,,,,,,"Sandoe, Samuel C.",,,,,"Shaw, Margie",,,"Sneed, Philip C.","Markus, Tom",http://id.loc.gov/authorities/names/n79086078,"Thomas, George Thomas",,1979,Text,http://purl.org/dc/dcmitype/Text,theater programs,http://vocab.getty.edu/aat/300027217,English,http://id.loc.gov/vocabulary/iso639-2/eng,"Special Collections, Archives & Preservation, University of Colorado Boulder",Catalog record: http://archives.colorado.edu/repositories/2/archival_objects/50582,Collection record: http://libraries.colorado.edu/record=b10161644~S3,"Boulder, Colorado",http://vocab.getty.edu/tgn/7013446,"Copyright and other restrictions may apply. User is responsible for compliance with all applicable laws. For information about copyright law, please see https://www.cusys.edu/DigitalLibrary/copyright.html.",19,4622,narv_shakespeareFest_1979Program_b.pdf
COU:2436:01:002:029,Colorado Shakespeare Festival Collection,"23rd annual Colorado Shakespeare Festival, Boulder, Colorado 1980","Colorado Shakespeare Festival, publisher",http://id.loc.gov/authorities/names/n80014177,,,"Shakespeare, William, 1564-1616 -- Dramatic production",http://id.loc.gov/authorities/subjects/sh85120938,Drama festivals -- Colorado,http://id.loc.gov/authorities/subjects/sh85039336,http://id.loc.gov/authorities/names/n80125532,,,"This theater program features the plays The Taming of the Shrew, Julius Caesar, and All's Well that Ends Well by William Shakespeare.",,,,,,,,,,,,,,,,,,,,,,,,,,,,,,,,,,,,,,,,,,,,,,,,,,,,,,,,,,,,,,,,,,,,,,,,,,,,,,,,,,,,,,1980,Text,http://purl.org/dc/dcmitype/Text,theater programs,http://vocab.getty.edu/aat/300027217,English,http://id.loc.gov/vocabulary/iso639-2/eng,"Special Collections, Archives & Preservation, University of Colorado Boulder",Catalog record: http://archives.colorado.edu/repositories/2/archival_objects/50583,Collection record: http://libraries.colorado.edu/record=b10161644~S3,"Boulder, Colorado",http://vocab.getty.edu/tgn/7013446,"Copyright and other restrictions may apply. User is responsible for compliance with all applicable laws. For information about copyright law, please see https://www.cusys.edu/DigitalLibrary/copyright.html.",43,4622,narv_shakespeareFest_1980Program_a.pdf
COU:2436:01:002:029,Colorado Shakespeare Festival Collection,"Colorado Shakespeare Festival, 23rd season, July 18 through August 18, 1980","Colorado Shakespeare Festival, publisher",http://id.loc.gov/authorities/names/n80014177,,,"Shakespeare, William, 1564-1616 -- Dramatic production",http://id.loc.gov/authorities/subjects/sh85120938,Drama festivals -- Colorado,http://id.loc.gov/authorities/subjects/sh85039336,http://id.loc.gov/authorities/names/n80125532,,,"This theater program from the 23nd Annual Colorado Shakespeare Festival features the plays Love's Labour's Lost, Hamlet, and Henry V by William Shakespeare. It includes notes on the Festival and each play; photographs and biographical sketches for the staff and cast; numerous photographs and illustrations; and advertisements from local Festival supporters.","Yang, Daniel Shih-pÊ»eng",http://id.loc.gov/authorities/names/n97867624,"Shaw, Margie",,"Shepard, Jane, 1958-",http://id.loc.gov/authorities/names/no2009000578,"Jans, Dennis",,"Sneed, Philip C",,"Stocker, David",,"Swartsfager, Scott",,"Dickerson, Judith",,"Watson, Marshall","Wilcox, Charles",,"York, Will",,"Moore, Randy",,"Baker, Dylan",http://id.loc.gov/authorities/names/no98115277,"Batson, Tim",,"Bening, Annette",http://id.loc.gov/authorities/names/n92003597,"Lyth, Kjeld Erik",,"Boozer, Christopher",,"Buckland, Tom",,"Bundy, Rob",,"Donaghy, Margaret",,"Finnegan, James",,"Friedlander, Larry",,"Morden, Dave",,"Guss, Peter",,"Guthrie, Clare-Marie","Hinton, Lizabeth","Clay, Jack",http://id.loc.gov/authorities/names/n2009051756,"Mancuso, Michael",,"Masters, Alan Stephen","Maynard, Anita","McCrea, Kirk",,"McKenzie, Michael",,,,"Carnahan, Shirley",,,,,,,,,,,"Mullins, Paul",,,,,"O'Connell, Patrick",,,"Rock, Christopher Erin","Cameron-Webb, Gavin",,"Rowan, Tom",http://id.loc.gov/authorities/names/no2008144079,1980,Text,http://purl.org/dc/dcmitype/Text,theater programs,http://vocab.getty.edu/aat/300027217,English,http://id.loc.gov/vocabulary/iso639-2/eng,"Special Collections, Archives & Preservation, University of Colorado Boulder",Catalog record: http://archives.colorado.edu/repositories/2/archival_objects/50583,Collection record: http://libraries.colorado.edu/record=b10161644~S3,"Boulder, Colorado",http://vocab.getty.edu/tgn/7013446,"Copyright and other restrictions may apply. User is responsible for compliance with all applicable laws. For information about copyright law, please see https://www.cusys.edu/DigitalLibrary/copyright.html.",20,4622,narv_shakespeareFest_1980Program_b.pdf
COU:2436:01:002:030,Colorado Shakespeare Festival Collection,"Colorado Shakespeare Festival, 24th season, July 17 through August 21, 1981","Colorado Shakespeare Festival, publisher",http://id.loc.gov/authorities/names/n80014177,,,"Shakespeare, William, 1564-1616 -- Dramatic production",http://id.loc.gov/authorities/subjects/sh85120938,Drama festivals -- Colorado,http://id.loc.gov/authorities/subjects/sh85039336,http://id.loc.gov/authorities/names/n80125532,,,"This theater program from the 24th annual Colorado Shakespeare Festival features the plays The Taming of the Shrew, Julius Caesar, and All's Well That Ends Well by William Shakespeare. It includes notes on the Festival and each play; photographs and biographical sketches for the staff and cast; numerous photographs and illustrations; and advertisements from local Festival supporters. The front cover is missing.","Markus, Tom",http://id.loc.gov/authorities/names/n79086078,"Rutledge, Andrea S.",,"Sandoe, Samuel",,"Kleffner, Randy Stephen",,"Shortridge, David H.",,"Stadler, Tom",,"Urbanski, Michael",,"Estes, Lou",,"White, Laurel","Wilcox, Charles",,"Wilcox, Ian",,"McCrea, Kirk",,"York, Will",,"Barchilon, Paul",,"Bedard, Dan",,"Kramer, Barry",,"Bonnett, Jeanne",,"Brauer, David C.",,"Crook, Peter",,"Dahne, Julius",,"Freeman, Christopher Burritt",,"Gallagher, Megan",http://id.loc.gov/authorities/names/no96042330,"Mitchell, Tom",,"Glasgow, Gary",,"Guthrie, Clare-Marie","Harum, David O.","Kenny, Jason",,"Cobin, Martin, 1920-",http://id.loc.gov/authorities/names/no2010056494,"Malmberg, Richard Olas","Mancuso, Michael","Manis, David, 1959-",http://id.loc.gov/authorities/names/no2010014601,"Mathis, Lynn",http://id.loc.gov/authorities/names/no2005039556,"McBride, Randall",,"Drevescraft, James",,,,,,,,,,,"Moore, John",,,,,"Osborne, Duncan T.",,,"Reed, Margaret","Kahn, Michael, 1945-",http://id.loc.gov/authorities/names/n98032888,"Rowan, Tom",http://id.loc.gov/authorities/names/no2008144079,1981,Text,http://purl.org/dc/dcmitype/Text,theater programs,http://vocab.getty.edu/aat/300027217,English,http://id.loc.gov/vocabulary/iso639-2/eng,"Special Collections, Archives & Preservation, University of Colorado Boulder",Catalog record: http://archives.colorado.edu/repositories/2/archival_objects/50584,Collection record: http://libraries.colorado.edu/record=b10161644~S3,"Boulder, Colorado",http://vocab.getty.edu/tgn/7013446,"Copyright and other restrictions may apply. User is responsible for compliance with all applicable laws. For information about copyright law, please see https://www.cusys.edu/DigitalLibrary/copyright.html.",21,4622,narv_shakespeareFest_1981Program_b.pdf
COU:2436:01:002:030,Colorado Shakespeare Festival Collection,"Colorado Shakespeare Festival, 24th season, July 17-August 21, 1981","Colorado Shakespeare Festival, publisher",http://id.loc.gov/authorities/names/n80014177,,,"Shakespeare, William, 1564-1616 -- Dramatic production",http://id.loc.gov/authorities/subjects/sh85120938,Drama festivals -- Colorado,http://id.loc.gov/authorities/subjects/sh85039336,http://id.loc.gov/authorities/names/n80125532,,,"This theater program features the plays Love's Labour's Lost, Hamlet, and Henry V by William Shakespeare.",,,,,,,,,,,,,,,,,,,,,,,,,,,,,,,,,,,,,,,,,,,,,,,,,,,,,,,,,,,,,,,,,,,,,,,,,,,,,,,,,,,,,,1981,Text,http://purl.org/dc/dcmitype/Text,theater programs,http://vocab.getty.edu/aat/300027217,English,http://id.loc.gov/vocabulary/iso639-2/eng,"Special Collections, Archives & Preservation, University of Colorado Boulder",Catalog record: http://archives.colorado.edu/repositories/2/archival_objects/50584,Collection record: http://libraries.colorado.edu/record=b10161644~S3,"Boulder, Colorado",http://vocab.getty.edu/tgn/7013446,"Copyright and other restrictions may apply. User is responsible for compliance with all applicable laws. For information about copyright law, please see https://www.cusys.edu/DigitalLibrary/copyright.html.",44,4622,narv_shakespeareFest_1981Program_a.pdf
COU:2436:01:002:031,Colorado Shakespeare Festival Collection,"25th [Colorado Shakespeare Festival, July 16-August 20, 1982]","Colorado Shakespeare Festival, publisher",http://id.loc.gov/authorities/names/n80014177,,,"Shakespeare, William, 1564-1616 -- Dramatic production",http://id.loc.gov/authorities/subjects/sh85120938,Drama festivals -- Colorado,http://id.loc.gov/authorities/subjects/sh85039336,http://id.loc.gov/authorities/names/n80125532,,,"This theater program features the plays Macbeth, As You Like It, and The Winter's Tale by William Shakespeare.",,,,,,,,,,,,,,,,,,,,,,,,,,,,,,,,,,,,,,,,,,,,,,,,,,,,,,,,,,,,,,,,,,,,,,,,,,,,,,,,,,,,,,1982,Text,http://purl.org/dc/dcmitype/Text,theater programs,http://vocab.getty.edu/aat/300027217,English,http://id.loc.gov/vocabulary/iso639-2/eng,"Special Collections, Archives & Preservation, University of Colorado Boulder",Catalog record: http://archives.colorado.edu/repositories/2/archival_objects/50585,Collection record: http://libraries.colorado.edu/record=b10161644~S3,"Boulder, Colorado",http://vocab.getty.edu/tgn/7013446,"Copyright and other restrictions may apply. User is responsible for compliance with all applicable laws. For information about copyright law, please see https://www.cusys.edu/DigitalLibrary/copyright.html.",45,4622,narv_shakespeareFest_1982Program_a.pdf
COU:2436:01:002:031,Colorado Shakespeare Festival Collection,"Colorado Shakespeare Festival, 25th silver anniversary season, July 16 through August 20, 1982","Colorado Shakespeare Festival, publisher",http://id.loc.gov/authorities/names/n80014177,,,"Shakespeare, William, 1564-1616 -- Dramatic production",http://id.loc.gov/authorities/subjects/sh85120938,Drama festivals -- Colorado,http://id.loc.gov/authorities/subjects/sh85039336,http://id.loc.gov/authorities/names/n80125532,,,"This theater program from the 25th annual Colorado Shakespeare Festival features the plays Macbeth, As You Like It, and The Winter's Tale by William Shakespeare. It includes notes on the Festival and each play; photographs and biographical sketches for the staff and cast; numerous photographs and illustrations; and advertisements from local Festival supporters.","Cohen, Robert",http://id.loc.gov/authorities/names/n50027571,"Rakley, Stuart L.",,"Soper, Tony",,"Lankford, Kristina",,"Strasheim, Alexis",,"Van Berge, Joost",,"Weiser, Ricky",,"Edmond, Linda Marie",,"Weissman, Jaime","Williams, Tim",,"York, Will",,"O'Brady, Mary",,"Anspacher-Meyer, Karen",http://id.loc.gov/authorities/names/no2007099185,"Anthony, David",,"Caza, Terry",,"Leehan, Brian",,"Colangelo, George Frank",,"Crisp, Dai",,"Dahne, Julius",,"English, Craig",,"Flynn, Steven",,"Giffin, Peter D.",,"Ogleton, Tim",,"Hacker, Michael",,"Jewel, Cliff","Knight, David","Potts, Lee",,"Lewis, Mark Norman",,"Loftus, Liz","MacDermott, Laura","Maurer, Kelly",,"Michaelsen, Jonathan",,,,"Drevescraft, James",,,,,,,,,,,"Olafson, Karin",,,,,"Patnaude, Gregory",,,"Patrick, Mitchell","Herstand, Theodore",http://id.loc.gov/authorities/names/n89642206,"Paulsen, Alisa",,1982,Text,http://purl.org/dc/dcmitype/Text,theater programs,http://vocab.getty.edu/aat/300027217,English,http://id.loc.gov/vocabulary/iso639-2/eng,"Special Collections, Archives & Preservation, University of Colorado Boulder",Catalog record: http://archives.colorado.edu/repositories/2/archival_objects/50585,Collection record: http://libraries.colorado.edu/record=b10161644~S3,"Boulder, Colorado",http://vocab.getty.edu/tgn/7013446,"Copyright and other restrictions may apply. User is responsible for compliance with all applicable laws. For information about copyright law, please see https://www.cusys.edu/DigitalLibrary/copyright.html.",22,4622,narv_shakespeareFest_1982Program_c.pdf
COU:2436:01:002:032,Colorado Shakespeare Festival Collection,1983 Colorado Shakespeare Festival,"Colorado Shakespeare Festival, publisher",http://id.loc.gov/authorities/names/n80014177,,,"Shakespeare, William, 1564-1616 -- Dramatic production",http://id.loc.gov/authorities/subjects/sh85120938,Drama festivals -- Colorado,http://id.loc.gov/authorities/subjects/sh85039336,http://id.loc.gov/authorities/names/n80125532,,,"This theater program features the plays Richard III, Measure for Measure, and Comedy of Errors by William Shakespeare.",,,,,,,,,,,,,,,,,,,,,,,,,,,,,,,,,,,,,,,,,,,,,,,,,,,,,,,,,,,,,,,,,,,,,,,,,,,,,,,,,,,,,,1983,Text,http://purl.org/dc/dcmitype/Text,theater programs,http://vocab.getty.edu/aat/300027217,English,http://id.loc.gov/vocabulary/iso639-2/eng,"Special Collections, Archives & Preservation, University of Colorado Boulder",Catalog record: http://archives.colorado.edu/repositories/2/archival_objects/50586,Collection record: http://libraries.colorado.edu/record=b10161644~S3,"Boulder, Colorado",http://vocab.getty.edu/tgn/7013446,"Copyright and other restrictions may apply. User is responsible for compliance with all applicable laws. For information about copyright law, please see https://www.cusys.edu/DigitalLibrary/copyright.html.",47,4622,narv_shakespeareFest_1983Program_a.pdf
COU:2436:01:002:032,Colorado Shakespeare Festival Collection,"26th season, Colorado Shakespeare Festival","Colorado Shakespeare Festival, publisher",http://id.loc.gov/authorities/names/n80014177,,,"Shakespeare, William, 1564-1616 -- Dramatic production",http://id.loc.gov/authorities/subjects/sh85120938,Drama festivals -- Colorado,http://id.loc.gov/authorities/subjects/sh85039336,http://id.loc.gov/authorities/names/n80125532,,,"This theater program from the 26th annual Colorado Shakespeare Festival features the plays Richard III, The Comedy of Errors, and Measure for Measure by William Shakespeare. It includes notes on the Festival and each play; photographs and biographical sketches for the staff and cast; numerous photographs and illustrations; and advertisements from local Festival supporters.","Clay, Jack",http://id.loc.gov/authorities/names/n2009051756,"Tedstrom, John Lothrop",,"Watson, Bill",,"Hodgson, Parker",,"Albrecht, John",,"Anthony, David",,"Beebe, Shane Alden",,"Elliot, Edith",,"Burnsed, Terry","Cantor, Jonathan",,"Dahne, Julius",,"Nelson, Roger",,"Engdahl, Eric",,"Flueck, David",,"Ford, Tom",,"Holmes, Jim",,"Fredricksen, Erik",,"Gilles, Beth",,"Henry, Gregg",http://id.loc.gov/authorities/names/no96008539,"Knight, David",,"Hugot, Marceline",http://id.loc.gov/authorities/names/no2005108599,"Mathis, Lynn",http://id.loc.gov/authorities/names/no2005039556,"Osborne, Duncan T.",,"Anspacher-Meyer, Karen",http://id.loc.gov/authorities/names/no2007099185),"Michie, William D.","Neet, Alison Stair",,,,,,,,,,,,,"Drevescraft, James",,,,,,,,,,,"Sandoe, Samuel",,,,,"Scott, Melinda J.",,,"Speer, George","Reidel, Leslie",,"Shanks, William",,1983,Text,http://purl.org/dc/dcmitype/Text,theater programs,http://vocab.getty.edu/aat/300027217,English,http://id.loc.gov/vocabulary/iso639-2/eng,"Special Collections, Archives & Preservation, University of Colorado Boulder",Catalog record: http://archives.colorado.edu/repositories/2/archival_objects/50586,Collection record: http://libraries.colorado.edu/record=b10161644~S3,"Boulder, Colorado",http://vocab.getty.edu/tgn/7013446,"Copyright and other restrictions may apply. User is responsible for compliance with all applicable laws. For information about copyright law, please see https://www.cusys.edu/DigitalLibrary/copyright.html.",23,4622,narv_shakespeareFest_1983Program_b.pdf
COU:2436:01:002:038,Colorado Shakespeare Festival Collection,"Colorado Shakespeare Festival 27th season, July 13-August 14, 1984","Colorado Shakespeare Festival, publisher",http://id.loc.gov/authorities/names/n80014177,,,"Shakespeare, William, 1564-1616 -- Dramatic production",http://id.loc.gov/authorities/subjects/sh85120938,Drama festivals -- Colorado,http://id.loc.gov/authorities/subjects/sh85039336,http://id.loc.gov/authorities/names/n80125532,,,"This theater program features the plays Twelfth Night, Richard II, and Othello by William Shakespeare.",,,,,,,,,,,,,,,,,,,,,,,,,,,,,,,,,,,,,,,,,,,,,,,,,,,,,,,,,,,,,,,,,,,,,,,,,,,,,,,,,,,,,,1984,Text,http://purl.org/dc/dcmitype/Text,theater programs,http://vocab.getty.edu/aat/300027217,English,http://id.loc.gov/vocabulary/iso639-2/eng,"Special Collections, Archives & Preservation, University of Colorado Boulder",Catalog record: http://archives.colorado.edu/repositories/2/archival_objects/50587,Collection record: http://libraries.colorado.edu/record=b10161644~S3,"Boulder, Colorado",http://vocab.getty.edu/tgn/7013446,"Copyright and other restrictions may apply. User is responsible for compliance with all applicable laws. For information about copyright law, please see https://www.cusys.edu/DigitalLibrary/copyright.html.",35,4622,narv_shakespeareFest_1984Program.pdf
COU:2436:01:002:034,Colorado Shakespeare Festival Collection,"28th season, Colorado Shakespeare Festival, July 12-August 23, 1985","Colorado Shakespeare Festival, publisher",http://id.loc.gov/authorities/names/n80014177,,,"Shakespeare, William, 1564-1616 -- Dramatic production",http://id.loc.gov/authorities/subjects/sh85120938,Drama festivals -- Colorado,http://id.loc.gov/authorities/subjects/sh85039336,http://id.loc.gov/authorities/names/n80125532,,,"This theater program features the plays Antony and Cleopatra, The Merry Wives of Windsor, and Romeo and Juliet by William Shakespeare.",,,,,,,,,,,,,,,,,,,,,,,,,,,,,,,,,,,,,,,,,,,,,,,,,,,,,,,,,,,,,,,,,,,,,,,,,,,,,,,,,,,,,,1985,Text,http://purl.org/dc/dcmitype/Text,theater programs,http://vocab.getty.edu/aat/300027217,English,http://id.loc.gov/vocabulary/iso639-2/eng,"Special Collections, Archives & Preservation, University of Colorado Boulder",Catalog record: http://archives.colorado.edu/repositories/2/archival_objects/50588,Collection record: http://libraries.colorado.edu/record=b10161644~S3,"Boulder, Colorado",http://vocab.getty.edu/tgn/7013446,"Copyright and other restrictions may apply. User is responsible for compliance with all applicable laws. For information about copyright law, please see https://www.cusys.edu/DigitalLibrary/copyright.html.",36,4622,narv_shakespeareFest_1985Program.pdf
COU:2436:01:002:035,Colorado Shakespeare Festival Collection,"The Colorado Shakespeare Festival, 1986: The twenty-ninth season, July 11-August 24, 1986","Colorado Shakespeare Festival, publisher",http://id.loc.gov/authorities/names/n80014177,,,"Shakespeare, William, 1564-1616 -- Dramatic production",http://id.loc.gov/authorities/subjects/sh85120938,Drama festivals -- Colorado,http://id.loc.gov/authorities/subjects/sh85039336,http://id.loc.gov/authorities/names/n80125532,,,"This theater program features the plays King Lear, The Two Gentlemen of Verona, and Henry IV, Part One by William Shakespeare.",,,,,,,,,,,,,,,,,,,,,,,,,,,,,,,,,,,,,,,,,,,,,,,,,,,,,,,,,,,,,,,,,,,,,,,,,,,,,,,,,,,,,,1986,Text,http://purl.org/dc/dcmitype/Text,theater programs,http://vocab.getty.edu/aat/300027217,English,http://id.loc.gov/vocabulary/iso639-2/eng,"Special Collections, Archives & Preservation, University of Colorado Boulder",Catalog record: http://archives.colorado.edu/repositories/2/archival_objects/50589,Collection record: http://libraries.colorado.edu/record=b10161644~S3,"Boulder, Colorado",http://vocab.getty.edu/tgn/7013446,"Copyright and other restrictions may apply. User is responsible for compliance with all applicable laws. For information about copyright law, please see https://www.cusys.edu/DigitalLibrary/copyright.html.",37,4622,narv_shakespeareFest_1986Program.pdf
COU:2436:01:002:036,Colorado Shakespeare Festival Collection,"Colorado Shakespeare Festival 30th anniversary season, July 1-August 15, 1987","Colorado Shakespeare Festival, publisher",http://id.loc.gov/authorities/names/n80014177,,,"Shakespeare, William, 1564-1616 -- Dramatic production",http://id.loc.gov/authorities/subjects/sh85120938,Drama festivals -- Colorado,http://id.loc.gov/authorities/subjects/sh85039336,http://id.loc.gov/authorities/names/n80125532,,,"This theater program features the plays The Tempest, Macbeth, and The Merchant of Venice by William Shakespeare.",,,,,,,,,,,,,,,,,,,,,,,,,,,,,,,,,,,,,,,,,,,,,,,,,,,,,,,,,,,,,,,,,,,,,,,,,,,,,,,,,,,,,,1987,Text,http://purl.org/dc/dcmitype/Text,theater programs,http://vocab.getty.edu/aat/300027217,English,http://id.loc.gov/vocabulary/iso639-2/eng,"Special Collections, Archives & Preservation, University of Colorado Boulder",Catalog record: http://archives.colorado.edu/repositories/2/archival_objects/50590,Collection record: http://libraries.colorado.edu/record=b10161644~S3,"Boulder, Colorado",http://vocab.getty.edu/tgn/7013446,"Copyright and other restrictions may apply. User is responsible for compliance with all applicable laws. For information about copyright law, please see https://www.cusys.edu/DigitalLibrary/copyright.html.",28,4622,narv_shakespeareFest_1987Program.pdf
COU:2436:01:002:037,Colorado Shakespeare Festival Collection,"Colorado Shakespeare Festival 31st season, July 1-August 14, 1988","Colorado Shakespeare Festival, publisher",http://id.loc.gov/authorities/names/n80014177,,,"Shakespeare, William, 1564-1616 -- Dramatic production",http://id.loc.gov/authorities/subjects/sh85120938,Drama festivals -- Colorado,http://id.loc.gov/authorities/subjects/sh85039336,http://id.loc.gov/authorities/names/n80125532,,,"This theater program features the plays A Midsummer Night's Dream, Hamlet, and Titus Andronicus by William Shakespeare.",,,,,,,,,,,,,,,,,,,,,,,,,,,,,,,,,,,,,,,,,,,,,,,,,,,,,,,,,,,,,,,,,,,,,,,,,,,,,,,,,,,,,,1988,Text,http://purl.org/dc/dcmitype/Text,theater programs,http://vocab.getty.edu/aat/300027217,English,http://id.loc.gov/vocabulary/iso639-2/eng,"Special Collections, Archives & Preservation, University of Colorado Boulder",Catalog record: http://archives.colorado.edu/repositories/2/archival_objects/50591,Collection record: http://libraries.colorado.edu/record=b10161644~S3,"Boulder, Colorado",http://vocab.getty.edu/tgn/7013446,"Copyright and other restrictions may apply. User is responsible for compliance with all applicable laws. For information about copyright law, please see https://www.cusys.edu/DigitalLibrary/copyright.html.",29,4622,narv_shakespeareFest_1988Program.pdf
COU:2436:01:002:038,Colorado Shakespeare Festival Collection,"32nd season, Colorado Shakespeare Festival, June 30-August 18, 1989","Colorado Shakespeare Festival, publisher",http://id.loc.gov/authorities/names/n80014177,,,"Shakespeare, William, 1564-1616 -- Dramatic production",http://id.loc.gov/authorities/subjects/sh85120938,Drama festivals -- Colorado,http://id.loc.gov/authorities/subjects/sh85039336,http://id.loc.gov/authorities/names/n80125532,,,"This theater program features the plays The Taming of the Shrew, Othello, and Love's Labour's Lost by William Shakespeare.",,,,,,,,,,,,,,,,,,,,,,,,,,,,,,,,,,,,,,,,,,,,,,,,,,,,,,,,,,,,,,,,,,,,,,,,,,,,,,,,,,,,,,1989,Text,http://purl.org/dc/dcmitype/Text,theater programs,http://vocab.getty.edu/aat/300027217,English,http://id.loc.gov/vocabulary/iso639-2/eng,"Special Collections, Archives & Preservation, University of Colorado Boulder",Catalog record: http://archives.colorado.edu/repositories/2/archival_objects/50592,Collection record: http://libraries.colorado.edu/record=b10161644~S3,"Boulder, Colorado",http://vocab.getty.edu/tgn/7013446,"Copyright and other restrictions may apply. User is responsible for compliance with all applicable laws. For information about copyright law, please see https://www.cusys.edu/DigitalLibrary/copyright.html.",30,4622,narv_shakespeareFest_1989Program_b.pdf
COU:2436:01:002:039,Colorado Shakespeare Festival Collection,"33rd Colorado Shakespeare Festival, June 29-August 18, 1990","Colorado Shakespeare Festival, publisher",http://id.loc.gov/authorities/names/n80014177,,,"Shakespeare, William, 1564-1616 -- Dramatic production",http://id.loc.gov/authorities/subjects/sh85120938,Drama festivals -- Colorado,http://id.loc.gov/authorities/subjects/sh85039336,http://id.loc.gov/authorities/names/n80125532,,,"This theater program features the plays As You Like It, Romeo and Juliet, and Much Ado about Nothing by William Shakespeare.",,,,,,,,,,,,,,,,,,,,,,,,,,,,,,,,,,,,,,,,,,,,,,,,,,,,,,,,,,,,,,,,,,,,,,,,,,,,,,,,,,,,,,1990,Text,http://purl.org/dc/dcmitype/Text,theater programs,http://vocab.getty.edu/aat/300027217,English,http://id.loc.gov/vocabulary/iso639-2/eng,"Special Collections, Archives & Preservation, University of Colorado Boulder",Catalog record: http://archives.colorado.edu/repositories/2/archival_objects/50593,Collection record: http://libraries.colorado.edu/record=b10161644~S3,"Boulder, Colorado",http://vocab.getty.edu/tgn/7013446,"Copyright and other restrictions may apply. User is responsible for compliance with all applicable laws. For information about copyright law, please see https://www.cusys.edu/DigitalLibrary/copyright.html.",31,4622,narv_shakespeareFest_1990Program.pdf
COU:2436:01:002:040,Colorado Shakespeare Festival Collection,1991 glorious summer: The souvenir magazine of the Colorado Shakespeare Festival,"Colorado Shakespeare Festival, publisher",http://id.loc.gov/authorities/names/n80014177,,,"Shakespeare, William, 1564-1616 -- Dramatic production",http://id.loc.gov/authorities/subjects/sh85120938,Drama festivals -- Colorado,http://id.loc.gov/authorities/subjects/sh85039336,http://id.loc.gov/authorities/names/n80125532,"Wilde, Oscar, 1854-1900",http://id.loc.gov/authorities/names/n79042038,"This souvenir program features the plays The Comedy of Errors, Julius Caesar, and Richard III by William Shakespeare, and The Importance of Being Earnest by Oscar Wilde.",,,,,,,,,,,,,,,,,,,,,,,,,,,,,,,,,,,,,,,,,,,,,,,,,,,,,,,,,,,,,,,,,,,,,,,,,,,,,,,,,,,,,,1991,Text,http://purl.org/dc/dcmitype/Text,souvenir programs,http://vocab.getty.edu/aat/300253341,English,http://id.loc.gov/vocabulary/iso639-2/eng,"Special Collections, Archives & Preservation, University of Colorado Boulder",Catalog record: http://archives.colorado.edu/repositories/2/archival_objects/50594,Collection record: http://libraries.colorado.edu/record=b10161644~S3,"Boulder, Colorado",http://vocab.getty.edu/tgn/7013446,"Copyright and other restrictions may apply. User is responsible for compliance with all applicable laws. For information about copyright law, please see https://www.cusys.edu/DigitalLibrary/copyright.html.",32,4622,narv_shakespeareFest_1991Program.pdf
COU:2436:01:002:041,Colorado Shakespeare Festival Collection,"Colorado Shakespeare Festival, 1992, June 26-August 16","Colorado Shakespeare Festival, publisher",http://id.loc.gov/authorities/names/n80014177,,,"Shakespeare, William, 1564-1616 -- Dramatic production",http://id.loc.gov/authorities/subjects/sh85120938,Drama festivals -- Colorado,http://id.loc.gov/authorities/subjects/sh85039336,http://id.loc.gov/authorities/names/n80125532,"Sheridan, Richard Brinsley, 1751-1816",http://id.loc.gov/authorities/names/n79089813,"This theater program features the plays All's Well that Ends Well, Henry V, and The Winter's Tale by William Shakespeare, and The Rivals by Richard Brinsley Sheridan.",,,,,,,,,,,,,,,,,,,,,,,,,,,,,,,,,,,,,,,,,,,,,,,,,,,,,,,,,,,,,,,,,,,,,,,,,,,,,,,,,,,,,,1992,Text,http://purl.org/dc/dcmitype/Text,theater programs,http://vocab.getty.edu/aat/300027217,English,http://id.loc.gov/vocabulary/iso639-2/eng,"Special Collections, Archives & Preservation, University of Colorado Boulder",Catalog record: http://archives.colorado.edu/repositories/2/archival_objects/50595,Collection record: http://libraries.colorado.edu/record=b10161644~S3,"Boulder, Colorado",http://vocab.getty.edu/tgn/7013446,"Copyright and other restrictions may apply. User is responsible for compliance with all applicable laws. For information about copyright law, please see https://www.cusys.edu/DigitalLibrary/copyright.html.",33,4622,narv_shakespeareFest_1992Program.pdf
COU:2436:01:002:042,Colorado Shakespeare Festival Collection,1993 glorious summer: The souvenir program of the Colorado Shakespeare Festival,"Colorado Shakespeare Festival, publisher",http://id.loc.gov/authorities/names/n80014177,,,"Shakespeare, William, 1564-1616 -- Dramatic production",http://id.loc.gov/authorities/subjects/sh85120938,Drama festivals -- Colorado,http://id.loc.gov/authorities/subjects/sh85039336,http://id.loc.gov/authorities/names/n80125532,,,"This souvenir program features the plays The Merry Wives of Windsor, The Tempest, King Lear, and Pericles by William Shakespeare.",,,,,,,,,,,,,,,,,,,,,,,,,,,,,,,,,,,,,,,,,,,,,,,,,,,,,,,,,,,,,,,,,,,,,,,,,,,,,,,,,,,,,,1993,Text,http://purl.org/dc/dcmitype/Text,souvenir programs,http://vocab.getty.edu/aat/300253341,English,http://id.loc.gov/vocabulary/iso639-2/eng,"Special Collections, Archives & Preservation, University of Colorado Boulder",Catalog record: http://archives.colorado.edu/repositories/2/archival_objects/50596,Collection record: http://libraries.colorado.edu/record=b10161644~S3,"Boulder, Colorado",http://vocab.getty.edu/tgn/7013446,"Copyright and other restrictions may apply. User is responsible for compliance with all applicable laws. For information about copyright law, please see https://www.cusys.edu/DigitalLibrary/copyright.html.",34,4622,narv_shakespeareFest_1993Program.pdf
COU:2436:01:002:031,Colorado Shakespeare Festival Collection,"As you like it: The play, the history, the concept; a dramaturgical approach","Veltkamp, Roelof, author",,"Colorado Shakespeare Festival, publisher",http://id.loc.gov/authorities/names/n80014177,"Shakespeare, William, 1564-1616 -- Dramatic production",http://id.loc.gov/authorities/subjects/sh85120938,Drama festivals -- Colorado,http://id.loc.gov/authorities/names/n80125532,http://id.loc.gov/authorities/subjects/sh85039336,,,,,,,,,,,,,,,,,,,,,,,,,,,,,,,,,,,,,,,,,,,,,,,,,,,,,,,,,,,,,,,,,,,,,,,,,,,,,,,,,,,,,,,,,[1982],Text,http://purl.org/dc/dcmitype/Text,booklets,http://vocab.getty.edu/aat/300311670,English,http://id.loc.gov/vocabulary/iso639-2/eng,"Special Collections, Archives & Preservation, University of Colorado Boulder",Catalog record: http://archives.colorado.edu/repositories/2/archival_objects/50585,Collection record: http://libraries.colorado.edu/record=b10161644~S3,"Boulder, Colorado",http://vocab.getty.edu/tgn/7013446,"Copyright and other restrictions may apply. User is responsible for compliance with all applicable laws. For information about copyright law, please see https://www.cusys.edu/DigitalLibrary/copyright.html.",46,4622,narv_shakespeareFest_1982Program_b.pdf
